, 2800, 1399958, 2208520, 1564188
, 3500, 1397795, 2146245, 1574492
, 4020, 1411551, 2216444, 1572070
, 4340, 1437338, 2177702, 1562323
, 8340, 1392273, 2106638, 1550325
, 8820, 1440864, 2349046, 1554518
, 9220, 1471551, 2290304, 1584367
, 9740, 1466757, 2258877, 1592575
, 10380, 1424551, 2072372, 1573270
, 10840, 1431766, 2097159, 1579477
, 11300, 1477094, 2099087, 1619184
, 11740, 1438953, 2083532, 1542682
, 12200, 1464233, 2090977, 1594578
, 12720, 1450850, 2086552, 1584633
, 13020, 1444883, 2083744, 1609260
, 13400, 1453417, 2114669, 1577256
, 13820, 1442530, 2156069, 1595855
, 14120, 1453352, 2096063, 1587040
, 14640, 1451023, 2246429, 1593662
, 0, 1430802, 2087086, 1551057
, 20, 1455911, 2138408, 1556609
, 40, 1525408, 2350695, 1641848
, 60, 1450539, 2115891, 1577330
, 80, 1462667, 2162498, 1531984
, 100, 1451164, 2109614, 1574370
, 120, 1463342, 2185783, 1569211
, 140, 1445059, 2180236, 1583684
, 160, 1450004, 2077464, 1575529
, 180, 1439973, 2015299, 1559738
, 200, 1448766, 2014443, 1567363
, 220, 1470351, 2053776, 1572677
, 240, 1501333, 1998291, 1547791
, 260, 1452318, 2114258, 1588407
, 280, 1567635, 2128453, 1651966
, 300, 1503280, 2223618, 1624831
, 320, 1448817, 2222874, 1576029
, 340, 1443904, 2110707, 1578699
, 360, 1434712, 2147152, 1567799
2019-01-22-23-18-43, 0, 1473609, 2143455, 1536394
2019-01-22-23-18-46, 20, 1512800, 2242494, 1549085
2019-01-22-23-18-47, 40, 838830, 1563593, 993563
2019-01-22-23-18-49, 60, 1587094, 2368807, 1638089
2019-01-22-23-18-54, 80, 1478561, 2083038, 1664510
2019-01-22-23-18-58, 100, 1474520, 2090513, 1580778
2019-01-22-23-19-01, 120, 1454989, 2174809, 1547231
2019-01-22-23-19-03, 140, 1518125, 2176750, 1557994
2019-01-22-23-19-07, 160, 1441185, 2117272, 1531409
2019-01-22-23-19-11, 180, 1469475, 2120103, 1583273
2019-01-22-23-19-13, 200, 1445690, 2099380, 1531442
2019-01-22-23-19-16, 220, 1500261, 2258477, 1574188
2019-01-22-23-19-19, 240, 1476291, 2064888, 1575742
2019-01-22-23-19-22, 260, 1486305, 2105846, 1594328
2019-01-22-23-19-25, 280, 1457084, 2108038, 1571223
2019-01-22-23-19-27, 300, 1463854, 2144992, 1553386
2019-01-22-23-19-30, 320, 1534468, 2295762, 1577793
2019-01-22-23-19-32, 340, 1458888, 2164220, 1568986
2019-01-22-23-19-34, 360, 1462856, 2215904, 1551056
2019-01-22-23-19-37, 380, 1586216, 2233399, 1644006
, 0, 772366, 1503675, 871757
, 0, 1774543, 2516306, 1660150
, 20, 1989294, 2753111, 2014348
2019-01-23-09-19-07, 0, 1470157, 2177608, 1661353
2019-01-23-09-19-11, 20, 1642944, 2143459, 1494682
2019-01-23-09-19-15, 40, 1504912, 2481127, 1356248
2019-01-23-09-19-20, 60, 1525564, 2315258, 1665343
2019-01-23-09-19-23, 80, 1550187, 2320422, 1474894
2019-01-23-09-19-31, 100, 1622211, 2360197, 1674605
2019-01-23-09-19-35, 120, 1568450, 2223746, 1701577
2019-01-23-09-19-37, 140, 1590983, 2200963, 1728619
2019-01-23-09-19-40, 160, 1600065, 2286346, 1630724
2019-01-23-09-19-43, 180, 1544756, 2258856, 1689755
2019-01-23-09-19-46, 200, 1513614, 2267617, 1566042
2019-01-23-09-19-48, 220, 745000, 1469323, 817538
2019-01-23-09-19-49, 240, 1502824, 2276991, 1689729
2019-01-23-09-19-51, 260, 952971, 1285969, 1701368
2019-01-23-09-19-52, 280, 1553249, 2268344, 1808058
2019-01-23-09-19-59, 300, 1758186, 2381362, 1659964
2019-01-23-09-20-02, 320, 1543630, 2317546, 1402018
2019-01-23-09-20-04, 340, 1718840, 2384753, 1656197
2019-01-23-09-20-06, 360, 1665021, 2412900, 1599352
2019-01-23-09-20-08, 380, 1508164, 2216453, 1678738
2019-01-23-09-20-11, 400, 1484553, 2170943, 1730062
2019-01-23-09-20-13, 420, 1639228, 2293580, 1655329
2019-01-23-09-20-15, 440, 1492927, 2265861, 1555896
2019-01-23-09-22-27, 0, 1513294, 2266037, 1589884
2019-01-23-09-23-02, 0, 1494147, 2526274, 1657513
2019-01-23-09-23-05, 20, 1472412, 2150780, 1674379
2019-01-23-09-23-08, 40, 1590286, 2126674, 1624563
2019-01-23-09-23-10, 60, 1577837, 2242201, 1714636
2019-01-23-09-23-12, 80, 1486140, 2218632, 1699032
2019-01-23-09-23-14, 100, 1517401, 2181775, 1581966
2019-01-23-09-23-17, 120, 1544124, 2205033, 1591566
2019-01-23-09-23-19, 140, 1477843, 2172723, 1730702
2019-01-23-09-23-21, 160, 1453292, 2133245, 1708750
2019-01-23-09-23-23, 180, 1526782, 2125248, 1637776
2019-01-23-09-23-26, 200, 1525055, 2198307, 1617774
2019-01-23-09-23-28, 220, 1538970, 2132916, 1793707
2019-01-23-09-23-30, 240, 1591392, 2187979, 1732196
2019-01-23-09-23-32, 260, 1502656, 2155521, 1721440
2019-01-23-09-23-34, 280, 1518948, 2214676, 1737578
2019-01-23-09-23-36, 300, 1572106, 2150635, 1740981
2019-01-23-09-23-38, 320, 1449340, 2160471, 1672797
2019-01-23-09-23-40, 340, 1619016, 2350057, 1690365
2019-01-23-09-23-42, 360, 1498563, 2117943, 1627434
2019-01-23-09-23-44, 380, 1628995, 2327670, 1734438
2019-01-23-09-25-30, 400, 764408, 1533027, 831395
2019-01-23-09-37-01, 0, 1564823, 2297987, 1677909
2019-01-23-09-37-10, 20, 1494338, 2237151, 1594208
2019-01-23-09-37-19, 40, 1501941, 2229322, 1647303
2019-01-23-09-37-26, 60, 1515225, 2248463, 1612490
2019-01-23-09-37-32, 80, 1531364, 2192569, 1765278
2019-01-23-09-45-59, 100, 1566854, 2235619, 1734197
2019-01-23-09-46-02, 120, 1589516, 2376549, 1607294
2019-01-23-09-46-04, 140, 1628416, 2405009, 1650984
2019-01-23-09-46-06, 160, 1498969, 2269230, 1591518
2019-01-23-09-46-26, 180, 1611182, 2363905, 1613517
2019-01-23-09-46-40, 200, 1606220, 2388452, 1690683
2019-01-23-09-46-54, 220, 1605495, 2386418, 1688081
2019-01-23-09-47-04, 240, 1605119, 2384860, 1688404
2019-01-23-09-53-59, 260, 1455265, 2083690, 1534412
2019-01-23-09-54-02, 280, 1449429, 2285434, 1517417
2019-01-23-09-54-05, 300, 1433226, 2065951, 1551869
2019-01-23-09-54-08, 320, 1433538, 2160747, 1551417
2019-01-23-09-54-11, 340, 1434927, 2127206, 1598002
2019-01-23-09-54-13, 360, 1626194, 2343942, 1659390
2019-01-23-09-54-16, 380, 1462482, 2202191, 1583653
2019-01-23-09-54-19, 400, 1460000, 2102886, 1593111
2019-01-23-09-54-22, 420, 1562904, 2299333, 1614175
2019-01-23-09-54-25, 440, 1510204, 2183030, 1569697
2019-01-23-09-54-27, 460, 815146, 1545983, 925937
2019-01-23-10-00-45, 0, 1541888, 2434200, 1619192
2019-01-23-10-00-49, 20, 1488817, 2344570, 1650294
2019-01-23-10-00-57, 40, 1509751, 2363454, 1596432
2019-01-23-10-01-03, 60, 1490576, 2325417, 1694654
2019-01-23-10-01-15, 80, 1492162, 2360008, 1579742
2019-01-23-10-18-16, 100, 1587030, 2343865, 1654631
2019-01-23-10-18-24, 120, 2331985, 3053059, 1499124
2019-01-23-10-18-30, 140, 2368422, 2856619, 1520595
2019-01-23-10-18-33, 160, 2812097, 2615019, 1516161
2019-01-23-10-18-36, 180, 2657218, 2511525, 1612235
2019-01-23-10-18-39, 200, 2378359, 2209979, 1747521
2019-01-23-10-18-42, 220, 2116713, 2079108, 1979247
2019-01-23-10-18-44, 240, 2383301, 2037957, 2269404
2019-01-23-10-18-51, 260, 1976725, 2041251, 2326021
2019-01-23-10-18-55, 280, 1760999, 2120699, 2448303
2019-01-23-10-18-57, 300, 1682366, 2321237, 2754656
2019-01-23-10-19-00, 320, 1468532, 2542748, 2751998
2019-01-23-10-19-03, 340, 1461860, 2642881, 2579731
2019-01-23-10-19-05, 360, 1448070, 2808157, 2479647
2019-01-23-10-19-09, 380, 1472258, 2901091, 2255006
2019-01-23-10-19-12, 400, 1508558, 3113125, 1964876
2019-01-23-10-19-16, 420, 1607178, 3091429, 1700770
2019-01-23-10-19-23, 440, 2060318, 3177184, 1475096
2019-01-23-10-19-27, 460, 1702196, 2787671, 1579142
2019-01-23-10-39-45, 0, 1490130, 2161742, 1551386
2019-01-23-10-40-05, 20, 1456470, 2124605, 1537525
2019-01-23-10-40-13, 40, 1457979, 2153226, 1622286
2019-01-23-10-40-21, 60, 1460870, 2247559, 1549267
2019-01-23-10-40-29, 80, 1467560, 2120105, 1547480
2019-01-23-10-40-35, 100, 1467069, 2198899, 1557388
2019-01-23-10-40-43, 120, 1467944, 2146562, 1555008
2019-01-23-10-40-51, 140, 1538113, 2288669, 1674851
2019-01-23-10-40-59, 160, 1467251, 2292349, 1483877
2019-01-23-10-41-05, 180, 1483698, 2351555, 1528222
2019-01-23-10-41-11, 200, 1486852, 2392029, 1566194
2019-01-23-10-41-19, 220, 1499822, 2208260, 1701153
2019-01-23-10-41-27, 240, 1064466, 2022789, 1126705
2019-01-23-10-41-33, 260, 825338, 1591455, 877701
2019-01-23-10-41-37, 280, 799107, 1495542, 841997
2019-01-23-10-44-58, 0, 1407433, 2242696, 1453239
2019-01-23-10-45-10, 20, 1426044, 2304719, 1479005
2019-01-23-10-45-19, 40, 1419473, 2294971, 1466407
2019-01-23-10-45-31, 60, 1475084, 2266588, 1534802
2019-01-23-10-45-43, 80, 1440739, 2312303, 1539918
2019-01-23-10-45-52, 100, 1439488, 2237530, 1442873
2019-01-23-10-46-04, 120, 1422431, 2339052, 1472996
2019-01-23-10-46-13, 140, 1499979, 2356486, 1590333
2019-01-23-10-50-04, 160, 737200, 1489866, 848316
2019-01-23-22-35-34, 0, 1334137, 2119947, 1529374
2019-01-23-22-35-34, 0, 1334046, 2120004, 1529201
2019-01-23-22-35-35, 0, 1333930, 2120150, 1529081
2019-01-23-22-35-35, 0, 1333989, 2120247, 1528913
2019-01-23-22-35-36, 0, 1334001, 2120360, 1528891
2019-01-23-22-35-36, 0, 1334094, 2120450, 1528777
2019-01-23-22-35-37, 0, 1333988, 2120493, 1528715
2019-01-23-22-35-37, 0, 1333996, 2120434, 1528592
2019-01-23-22-35-38, 0, 1333882, 2120570, 1528514
2019-01-23-22-35-38, 0, 1334014, 2120597, 1528576
2019-01-23-22-36-07, 20, 1382996, 2467173, 1630129
2019-01-23-22-36-07, 20, 1382986, 2467098, 1630009
2019-01-23-22-36-08, 20, 1382990, 2466921, 1630055
2019-01-23-22-36-08, 20, 1382894, 2466819, 1629957
2019-01-23-22-36-09, 20, 1382928, 2466824, 1629976
2019-01-23-22-36-09, 20, 1382886, 2466758, 1629895
2019-01-23-22-36-10, 20, 1382880, 2466653, 1629978
2019-01-23-22-36-10, 20, 1382858, 2466542, 1629910
2019-01-23-22-36-11, 20, 1382766, 2466515, 1629929
2019-01-23-22-36-11, 20, 1382809, 2466467, 1629964
2019-01-23-22-36-52, 40, 1315076, 2225733, 1548676
2019-01-23-22-36-52, 40, 1315034, 2225661, 1548792
2019-01-23-22-36-53, 40, 1315000, 2225520, 1548748
2019-01-23-22-36-53, 40, 1315176, 2225546, 1548818
2019-01-23-22-36-54, 40, 1315156, 2225382, 1548817
2019-01-23-22-36-54, 40, 1315074, 2225466, 1548917
2019-01-23-22-36-55, 40, 1314944, 2225437, 1548914
2019-01-23-22-36-55, 40, 1315071, 2225350, 1548996
2019-01-23-22-36-56, 40, 1315009, 2225244, 1548899
2019-01-23-22-36-56, 40, 1315104, 2225220, 1549039
2019-01-23-22-37-19, 60, 1315511, 2135453, 1557750
2019-01-23-22-37-19, 60, 1315475, 2135799, 1557685
2019-01-23-22-37-20, 60, 1315482, 2135964, 1557656
2019-01-23-22-37-20, 60, 1315461, 2136208, 1557630
2019-01-23-22-37-21, 60, 1315526, 2136481, 1557601
2019-01-23-22-37-21, 60, 1315367, 2136687, 1557546
2019-01-23-22-37-22, 60, 1315384, 2136846, 1557518
2019-01-23-22-37-22, 60, 1315495, 2136976, 1557571
2019-01-23-22-37-23, 60, 1315307, 2137089, 1557518
2019-01-23-22-37-23, 60, 1315342, 2137198, 1557514
2019-01-23-22-37-40, 80, 1946039, 2948142, 2100967
2019-01-23-22-37-40, 80, 1946341, 2950719, 2099622
2019-01-23-22-37-41, 80, 1946210, 2952028, 2098842
2019-01-23-22-37-41, 80, 1946207, 2952845, 2098253
2019-01-23-22-37-42, 80, 1946058, 2953300, 2097943
2019-01-23-22-37-42, 80, 1946026, 2953749, 2097561
2019-01-23-22-37-43, 80, 1946024, 2954237, 2097285
2019-01-23-22-37-43, 80, 1945983, 2954688, 2097082
2019-01-23-22-37-44, 80, 1946001, 2955228, 2096940
2019-01-23-22-37-44, 80, 1945991, 2955319, 2096801
2019-01-23-22-37-55, 100, 2541174, 3275422, 2569112
2019-01-23-22-37-55, 100, 2541479, 3276541, 2569400
2019-01-23-22-37-56, 100, 2541837, 3277154, 2569751
2019-01-23-22-37-56, 100, 2542037, 3277703, 2570056
2019-01-23-22-37-57, 100, 2542129, 3278093, 2570387
2019-01-23-22-37-57, 100, 2542201, 3278584, 2570632
2019-01-23-22-37-58, 100, 2542374, 3278872, 2570645
2019-01-23-22-37-58, 100, 2542408, 3279243, 2570961
2019-01-23-22-37-59, 100, 2542515, 3279740, 2571245
2019-01-23-22-37-59, 100, 2542697, 3280089, 2571396
2019-01-23-22-38-07, 120, 2912832, 3455456, 3097971
2019-01-23-22-38-08, 120, 2912474, 3456116, 3099930
2019-01-23-22-38-08, 120, 2912188, 3456772, 3101314
2019-01-23-22-38-09, 120, 2912102, 3457302, 3102434
2019-01-23-22-38-09, 120, 2911889, 3458132, 3103531
2019-01-23-22-38-10, 120, 2911835, 3458522, 3104298
2019-01-23-22-38-10, 120, 2911704, 3459078, 3105135
2019-01-23-22-38-11, 120, 2911483, 3459490, 3105551
2019-01-23-22-38-11, 120, 2911518, 3459906, 3106065
2019-01-23-22-38-12, 120, 2911423, 3460382, 3106614
2019-01-23-22-38-25, 140, 3712751, 4780230, 3842181
2019-01-23-22-38-26, 140, 3738614, 4821828, 3880441
2019-01-23-22-38-26, 140, 3744721, 4841762, 3892518
2019-01-23-22-38-27, 140, 3746834, 4841799, 3895606
2019-01-23-22-38-27, 140, 3754621, 4844359, 3899264
2019-01-23-22-38-28, 140, 3764785, 4850707, 3906943
2019-01-23-22-38-28, 140, 3779521, 4875488, 3919385
2019-01-23-22-38-29, 140, 3786677, 4884460, 3928209
2019-01-23-22-38-29, 140, 3789222, 4887665, 3934107
2019-01-23-22-38-30, 140, 3790695, 4889376, 3938610
2019-01-23-22-38-40, 160, 4242225, 5494507, 4553418
2019-01-23-22-38-41, 160, 4240619, 5487978, 4555299
2019-01-23-22-38-41, 160, 4239802, 5482327, 4556392
2019-01-23-22-38-42, 160, 4239693, 5481888, 4563039
2019-01-23-22-38-42, 160, 4240628, 5489120, 4570746
2019-01-23-22-38-43, 160, 4241026, 5508563, 4577739
2019-01-23-22-38-43, 160, 4241907, 5522221, 4587374
2019-01-23-22-38-44, 160, 4242911, 5526286, 4590623
2019-01-23-22-38-44, 160, 4242273, 5523542, 4591932
2019-01-23-22-38-45, 160, 4242259, 5521562, 4592387
2019-01-23-22-39-01, 180, 3949795, 5991003, 3847999
2019-01-23-22-39-02, 180, 3949678, 5990055, 3847918
2019-01-23-22-39-02, 180, 3949207, 5989273, 3847866
2019-01-23-22-39-03, 180, 3949183, 5988209, 3847708
2019-01-23-22-39-03, 180, 3949142, 5987539, 3847724
2019-01-23-22-39-04, 180, 3948900, 5986678, 3847775
2019-01-23-22-39-04, 180, 3948876, 5985886, 3847632
2019-01-23-22-39-05, 180, 3948802, 5985287, 3847547
2019-01-23-22-39-05, 180, 3948773, 5984692, 3847486
2019-01-23-22-39-06, 180, 3948555, 5984193, 3847474
2019-01-23-22-39-16, 200, 4076650, 6072306, 4466141
2019-01-23-22-39-17, 200, 4073988, 6071498, 4468041
2019-01-23-22-39-17, 200, 4073079, 6070524, 4467690
2019-01-23-22-39-18, 200, 4072173, 6069860, 4467392
2019-01-23-22-39-18, 200, 4072795, 6069270, 4467094
2019-01-23-22-39-19, 200, 4072551, 6068477, 4466810
2019-01-23-22-39-19, 200, 4072281, 6067958, 4466627
2019-01-23-22-39-20, 200, 4072476, 6067484, 4466416
2019-01-23-22-39-20, 200, 4072142, 6067007, 4466251
2019-01-23-22-39-21, 200, 4072390, 6066425, 4466088
2019-01-23-22-39-31, 220, 4144652, 6063657, 4891576
2019-01-23-22-39-32, 220, 4143949, 6063317, 4891269
2019-01-23-22-39-32, 220, 4143620, 6063024, 4890856
2019-01-23-22-39-33, 220, 4142838, 6062655, 4890568
2019-01-23-22-39-33, 220, 4143164, 6062364, 4890121
2019-01-23-22-39-34, 220, 4142355, 6062098, 4889977
2019-01-23-22-39-34, 220, 4142373, 6061738, 4889907
2019-01-23-22-39-35, 220, 4142750, 6061621, 4889654
2019-01-23-22-39-35, 220, 4143796, 6061200, 4889341
2019-01-23-22-39-36, 220, 4143963, 6060921, 4889218
2019-01-23-22-39-49, 240, 4122210, 6155772, 5502428
2019-01-23-22-39-50, 240, 4122489, 6156483, 5497928
2019-01-23-22-39-50, 240, 4122840, 6156181, 5493759
2019-01-23-22-39-51, 240, 4123836, 6156132, 5490993
2019-01-23-22-39-51, 240, 4124328, 6155733, 5488650
2019-01-23-22-39-52, 240, 4124695, 6155313, 5486214
2019-01-23-22-39-52, 240, 4124374, 6155031, 5484560
2019-01-23-22-39-53, 240, 4124248, 6154790, 5482669
2019-01-23-22-39-53, 240, 4123772, 6154292, 5481228
2019-01-23-22-39-54, 240, 4123405, 6154111, 5479708
2019-01-23-22-40-16, 260, 4080169, 7395220, 5413292
2019-01-23-22-40-17, 260, 4080105, 7389980, 5412730
2019-01-23-22-40-17, 260, 4079806, 7381498, 5412422
2019-01-23-22-40-18, 260, 4079080, 7373765, 5412118
2019-01-23-22-40-18, 260, 4078802, 7366608, 5411935
2019-01-23-22-40-19, 260, 4077291, 7359265, 5411702
2019-01-23-22-40-19, 260, 4075755, 7353509, 5411421
2019-01-23-22-40-20, 260, 4075512, 7348125, 5411294
2019-01-23-22-40-20, 260, 4074916, 7342251, 5411167
2019-01-23-22-40-21, 260, 4074254, 7337951, 5410883
2019-01-23-22-42-16, 280, 1367172, 2361375, 1567383
2019-01-23-22-42-17, 280, 1367031, 2361131, 1567663
2019-01-23-22-42-17, 280, 1367085, 2360882, 1567944
2019-01-23-22-42-18, 280, 1367105, 2360819, 1568281
2019-01-23-22-42-18, 280, 1367133, 2360629, 1568505
2019-01-23-22-42-19, 280, 1367090, 2360484, 1568667
2019-01-23-22-42-20, 280, 1367067, 2360504, 1568893
2019-01-23-22-42-20, 280, 1367106, 2360416, 1569159
2019-01-23-22-42-21, 280, 1367071, 2360286, 1569299
2019-01-23-22-42-21, 280, 1367156, 2360106, 1569447
 0, 1370712, 2278462, 1543899
 0, 1370965, 2277836, 1544308
 0, 1371359, 2277381, 1544406
 0, 1371552, 2277101, 1544589
 0, 1371766, 2276722, 1544765
 0, 1371894, 2276453, 1544805
 0, 1372113, 2276183, 1544942
 0, 1372183, 2276071, 1545035
 0, 1372270, 2275751, 1545193
 0, 1372385, 2275654, 1545264
 20, 2208654, 2633119, 1996971
 20, 2208672, 2632118, 1996174
 20, 2208565, 2631579, 1995653
 20, 2208271, 2631064, 1995197
 20, 2208007, 2630552, 1994822
 20, 2207743, 2630172, 1994464
 20, 2207589, 2629758, 1994296
 20, 2207489, 2629512, 1994017
 20, 2207261, 2629072, 1993755
 20, 2207091, 2628767, 1993552
 40, 2548280, 3434399, 2306519
 40, 2547848, 3433886, 2306132
 40, 2547671, 3433373, 2305650
 40, 2547440, 3433039, 2305424
 40, 2547110, 3432863, 2305204
 40, 2546958, 3432504, 2304979
 40, 2546753, 3432269, 2304876
 40, 2546546, 3431928, 2304690
 40, 2546411, 3430693, 2322981
 40, 2546956, 3431040, 2326232
 60, 2890566, 3772985, 3189365
 60, 2890316, 3772944, 3189551
 60, 2889915, 3772252, 3190026
 60, 2889733, 3772164, 3190704
 60, 2889503, 3771736, 3191142
 60, 2889263, 3771723, 3191620
 60, 2889405, 3771363, 3192314
 60, 2889245, 3771192, 3192876
 60, 2888948, 3770919, 3193192
 60, 2888831, 3770879, 3193599
 80, 3663720, 4493603, 3400339
 80, 3663568, 4494658, 3401326
 80, 3663267, 4495297, 3402053
 80, 3662974, 4495922, 3402727
 80, 3663163, 4497086, 3403311
 80, 3663233, 4498178, 3404043
 80, 3663183, 4499157, 3404641
 80, 3663059, 4499351, 3404963
 80, 3662873, 4499655, 3405355
 80, 3662638, 4499881, 3405645
 100, 3859027, 5176079, 4368411
 100, 3858190, 5176501, 4373005
 100, 3857789, 5176738, 4377315
 100, 3857450, 5176953, 4380362
 100, 3857040, 5177248, 4382904
 100, 3856629, 5177380, 4385447
 100, 3856274, 5177521, 4387244
 100, 3855801, 5177746, 4389026
 100, 3855615, 5177812, 4390329
 100, 3855452, 5177975, 4391501
 120, 4278949, 5275513, 5066994
 120, 4278265, 5275039, 5071770
 120, 4277523, 5274418, 5074973
 120, 4276967, 5274058, 5078350
 120, 4276402, 5273711, 5080806
 120, 4275808, 5273395, 5082888
 120, 4275261, 5272954, 5085095
 120, 4274831, 5272596, 5086824
 120, 4274469, 5272294, 5088796
 120, 4274109, 5272093, 5090709
 140, 4034260, 5663178, 5183252
 140, 4064120, 5663114, 5182945
 140, 3987269, 5663454, 5182752
 140, 3925815, 5663536, 5182431
 140, 3958508, 5663587, 5182228
 140, 3962066, 5663744, 5182007
 140, 3984944, 5663994, 5181802
 140, 3983046, 5663938, 5181610
 140, 4022665, 5664165, 5181416
 140, 4035918, 5664288, 5181225
 160, 4189179, 6801355, 5289017
 160, 4189126, 6802541, 5288292
 160, 4188949, 6803423, 5287539
 160, 4188796, 6803905, 5286851
 160, 4188759, 6804342, 5286288
 160, 4188724, 6804827, 5285737
 160, 4188515, 6805060, 5285285
 160, 4188557, 6805335, 5284700
 160, 4188305, 6805543, 5284305
 160, 4188592, 6805631, 5284076
 180, 4097570, 7253287, 5390800
 180, 4097896, 7250379, 5389852
 180, 4100154, 7247743, 5388880
 180, 4100798, 7245445, 5388104
 180, 4100948, 7243007, 5387303
 180, 4104899, 7241145, 5386617
 180, 4105383, 7239430, 5386066
 180, 4105771, 7237572, 5385386
 180, 4105140, 7236120, 5384829
 180, 4105017, 7234754, 5384352
 200, 1364834, 2186633, 1582304
 200, 1365009, 2187246, 1582052
 200, 1365029, 2187560, 1581888
 200, 1365089, 2187833, 1581744
 200, 1365224, 2187979, 1581707
 200, 1365228, 2188211, 1581540
 200, 1365201, 2188356, 1581416
 200, 1365219, 2188498, 1581603
 200, 1365266, 2188593, 1581425
 200, 1365316, 2188720, 1581465
 0, 1313498, 2299886, 1679605
 0, 1313465, 2299490, 1679728
 0, 1313321, 2299227, 1679869
 0, 1313196, 2298873, 1679990
 0, 1313170, 2298722, 1680080
 0, 1313024, 2298564, 1680153
 0, 1312689, 2298314, 1680305
 0, 1312583, 2298208, 1680342
 0, 1312400, 2298089, 1680420
 0, 1312414, 2297925, 1680532
 20, 1531384, 2311637, 1691905
 20, 1531119, 2311509, 1691956
 20, 1530949, 2311462, 1692052
 20, 1530779, 2311432, 1692195
 20, 1530756, 2311295, 1692270
 20, 1530411, 2311294, 1692352
 20, 1530421, 2311210, 1692333
 20, 1530287, 2311115, 1692346
 20, 1529988, 2311091, 1692472
 20, 1529819, 2310987, 1692459
 40, 1567871, 2310369, 1694071
 40, 1567931, 2310531, 1694151
 40, 1567816, 2310343, 1694265
 40, 1567936, 2310353, 1694293
 40, 1568176, 2310210, 1694432
 40, 1568558, 2310138, 1694388
 40, 1566943, 2310898, 1694360
 40, 1566673, 2310794, 1694444
 40, 1566810, 2310716, 1694480
 40, 1566893, 2310751, 1694392
 60, 1564024, 2322455, 1865162
 60, 1564047, 2322430, 1864636
 60, 1564063, 2322528, 1864441
 60, 1563867, 2322410, 1864072
 60, 1564020, 2322421, 1863848
 60, 1564074, 2322348, 1863645
 60, 1563996, 2322321, 1863552
 60, 1564007, 2322355, 1863438
 60, 1564025, 2322269, 1863176
 60, 1564027, 2322338, 1863069
 80, 1561902, 2372566, 1775093
 80, 1561919, 2372766, 1775096
 80, 1561972, 2372831, 1775083
 80, 1561908, 2373124, 1774936
 80, 1561850, 2373195, 1774941
 80, 1561946, 2373287, 1774885
 80, 1561945, 2373463, 1774879
 80, 1561887, 2373550, 1774910
 80, 1561861, 2373672, 1774896
 80, 1561908, 2373774, 1774843
 100, 1562417, 2400896, 1770496
 100, 1562985, 2405853, 1749245
 100, 1563300, 2406827, 1747471
 100, 1563294, 2406642, 1747456
 100, 1563302, 2406571, 1747497
 100, 1563296, 2406354, 1747404
 100, 1563366, 2406280, 1747532
 100, 1563352, 2406106, 1747459
 100, 1563424, 2406093, 1747377
 100, 1563237, 2405950, 1747349
 120, 1574169, 2392652, 1785944
 120, 1574206, 2392638, 1786007
 120, 1574156, 2392492, 1785921
 120, 1574213, 2392415, 1785922
 120, 1574187, 2392448, 1785818
 120, 1574210, 2392272, 1785823
 120, 1574196, 2392231, 1785869
 120, 1574139, 2392086, 1785870
 120, 1574251, 2392051, 1785881
 120, 1574260, 2391983, 1785887
 140, 1580510, 2388937, 1768614
 140, 1580631, 2388979, 1768745
 140, 1580620, 2388939, 1768573
 140, 1580565, 2388979, 1768671
 140, 1580601, 2388882, 1768580
 140, 1580453, 2388706, 1768590
 140, 1580544, 2388963, 1768654
 140, 1580434, 2388939, 1768620
 140, 1580425, 2388849, 1768657
 140, 1580494, 2388929, 1768614
 160, 1580806, 2447552, 1743733
 160, 1578843, 2456967, 1749834
 160, 1578825, 2456802, 1749839
 160, 1578780, 2456624, 1749792
 160, 1578836, 2456453, 1749774
 160, 1578926, 2456289, 1749835
 160, 1578870, 2456207, 1749720
 160, 1578851, 2456096, 1749860
 160, 1578861, 2455954, 1749772
 160, 1578836, 2455945, 1749772
 180, 1578817, 2485239, 1746533
 180, 1578824, 2485032, 1746627
 180, 1578749, 2484682, 1746546
 180, 1578780, 2484512, 1746643
 180, 1578777, 2484214, 1746609
 180, 1578700, 2487972, 1741950
 180, 1579592, 2492267, 1729133
 180, 1579477, 2492027, 1729169
 180, 1579551, 2491791, 1729094
 180, 1579589, 2491739, 1729129
 200, 1591915, 2481886, 1780534
 200, 1591980, 2481852, 1780501
 200, 1591832, 2481885, 1780485
 200, 1591888, 2481820, 1780540
 200, 1591815, 2481840, 1780497
 200, 1591855, 2481817, 1780476
 200, 1591746, 2481743, 1780481
 200, 1591788, 2481778, 1780500
 200, 1591764, 2481854, 1780528
 200, 1591819, 2481645, 1780438
 220, 1590060, 2480992, 1772422
 220, 1590136, 2481061, 1772536
 220, 1590043, 2481120, 1772665
 220, 1590274, 2480992, 1772603
 220, 1590206, 2481074, 1772607
 220, 1590219, 2480962, 1772621
 220, 1590201, 2480907, 1772546
 220, 1590119, 2480925, 1772514
 220, 1590191, 2480932, 1772653
 220, 1590174, 2480960, 1772536
 240, 1591395, 2478547, 1784145
 240, 1591324, 2478484, 1784157
 240, 1591354, 2478433, 1784164
 240, 1591295, 2478487, 1784116
 240, 1591452, 2478476, 1784115
 240, 1591469, 2478421, 1784184
 240, 1591340, 2478481, 1784101
 240, 1591401, 2478325, 1784220
 240, 1591449, 2478434, 1784109
 240, 1591467, 2478345, 1784110
 260, 1593201, 2472753, 1787186
 260, 1593201, 2472905, 1787203
 260, 1593134, 2472826, 1787090
 260, 1593134, 2472840, 1787104
 260, 1593072, 2472760, 1787198
 260, 1593078, 2472773, 1787120
 260, 1593118, 2472755, 1787114
 260, 1593093, 2472848, 1787109
 260, 1593108, 2472756, 1787184
 260, 1593116, 2472749, 1787083
 280, 1587868, 2498234, 1745580
 280, 1587834, 2498192, 1745598
 280, 1587911, 2498156, 1745660
 280, 1587818, 2498179, 1745593
 280, 1587783, 2498210, 1745592
 280, 1587760, 2498112, 1745550
 280, 1587920, 2498198, 1745674
 280, 1587923, 2498093, 1745603
 280, 1587773, 2498090, 1745626
 280, 1587780, 2498117, 1745679
 300, 1594144, 2469898, 1818013
 300, 1594217, 2469834, 1818054
 300, 1594082, 2469856, 1818072
 300, 1594181, 2469892, 1817994
 300, 1594144, 2469935, 1817945
 300, 1594230, 2469853, 1817961
 300, 1594150, 2469801, 1817985
 300, 1594239, 2469806, 1817840
 300, 1594140, 2469829, 1817923
 300, 1594257, 2469810, 1817830
 320, 1590349, 2478771, 1792371
 320, 1590349, 2478740, 1792606
 320, 1590375, 2478692, 1792544
 320, 1590346, 2478677, 1792720
 320, 1590340, 2478706, 1792653
 320, 1590345, 2478728, 1792760
 320, 1590384, 2478668, 1792812
 320, 1590297, 2478725, 1792822
 320, 1590364, 2478707, 1792705
 320, 1590311, 2478798, 1792864
 340, 1585136, 2487118, 1811534
 340, 1585089, 2487175, 1811444
 340, 1585110, 2487112, 1811519
 340, 1585131, 2487186, 1811393
 340, 1585121, 2487193, 1811425
 340, 1585134, 2487189, 1811439
 340, 1585161, 2487216, 1811352
 340, 1585188, 2487131, 1811426
 340, 1585179, 2487160, 1811366
 340, 1585177, 2487145, 1811383
 360, 1588546, 2477074, 1800571
 360, 1588493, 2477098, 1800599
 360, 1588451, 2477030, 1800535
 360, 1588477, 2476938, 1800526
 360, 1588563, 2477027, 1800539
 360, 1588577, 2477141, 1800517
 360, 1588543, 2477075, 1800499
 360, 1588502, 2477026, 1800535
 360, 1588571, 2477005, 1800442
 360, 1588612, 2476955, 1800585
 380, 1591657, 2495828, 1759040
 380, 1591552, 2495719, 1759102
 380, 1591655, 2495781, 1759145
 380, 1591625, 2495702, 1759191
 380, 1591658, 2495664, 1759240
 380, 1591710, 2495632, 1759300
 380, 1591649, 2495670, 1759325
 380, 1591720, 2495639, 1759320
 380, 1591651, 2495588, 1759445
 380, 1591639, 2495582, 1759497
 400, 1591655, 2493622, 1760136
 400, 1591624, 2493759, 1760177
 400, 1591700, 2493644, 1760144
 400, 1591662, 2493666, 1760170
 400, 1591659, 2493582, 1760128
 400, 1591683, 2493574, 1760218
 400, 1591816, 2493651, 1760164
 400, 1591724, 2493579, 1760225
 400, 1591698, 2493662, 1760163
 400, 1591721, 2493582, 1760213
 420, 1588560, 2501240, 1782096
 420, 1588512, 2501306, 1782128
 420, 1588566, 2501376, 1782082
 420, 1588468, 2501261, 1782041
 420, 1588549, 2501274, 1782077
 420, 1588465, 2501366, 1782081
 420, 1588511, 2501431, 1782113
 420, 1588510, 2501297, 1782048
 420, 1588520, 2501362, 1782062
 420, 1588431, 2501291, 1782069
 440, 1583469, 2494539, 1837989
 440, 1583507, 2494505, 1837986
 440, 1583576, 2494535, 1837938
 440, 1583534, 2494621, 1837905
 440, 1583555, 2494590, 1837926
 440, 1583588, 2494644, 1837893
 440, 1583603, 2494555, 1837847
 440, 1583506, 2494542, 1837852
 440, 1583567, 2494596, 1837735
 440, 1583600, 2494430, 1837802
 460, 1590887, 2487631, 1762585
 460, 1590800, 2487585, 1762628
 460, 1590773, 2487715, 1762591
 460, 1590838, 2487627, 1762679
 460, 1590754, 2487647, 1762699
 460, 1590796, 2487776, 1762873
 460, 1590855, 2487665, 1762620
 460, 1590799, 2487621, 1762728
 460, 1590838, 2487665, 1762740
 460, 1590746, 2487668, 1762788
 480, 1609587, 2476272, 1785017
 480, 1609601, 2476382, 1784917
 480, 1609634, 2476309, 1784842
 480, 1609691, 2476374, 1784912
 480, 1609734, 2476283, 1784995
 480, 1609703, 2476271, 1784903
 480, 1609641, 2476347, 1784974
 480, 1609685, 2476360, 1784986
 480, 1609701, 2476231, 1784867
 480, 1609709, 2476289, 1784873
 500, 1603684, 2493359, 1767115
 500, 1603759, 2493527, 1767197
 500, 1603660, 2493519, 1767092
 500, 1603591, 2493481, 1767180
 500, 1603854, 2493469, 1767139
 500, 1603691, 2493447, 1767065
 500, 1603624, 2493429, 1767198
 500, 1603851, 2493383, 1767189
 500, 1603691, 2493458, 1767194
 500, 1603683, 2493433, 1767139
 520, 1594655, 2489754, 1726329
 520, 1596917, 2486837, 1742863
 520, 1598600, 2482316, 1747768
 520, 1598629, 2482234, 1747968
 520, 1598681, 2482293, 1748135
 520, 1598511, 2482155, 1748127
 520, 1598609, 2482037, 1748371
 520, 1598637, 2482131, 1748266
 520, 1598599, 2482059, 1748382
 520, -7589295, 2481906, 1748560
 540, 1598726, 2481821, 1748650
 540, 1598699, 2481816, 1748631
 540, 1598661, 2481707, 1748678
 540, 1598607, 2481662, 1748746
 540, 1598696, 2481802, 1748733
 540, 1598703, 2481722, 1748707
 540, 1598763, 2481633, 1748777
 540, 1598689, 2481700, 1748817
 540, 1598668, 2481610, 1748842
 540, 1598687, 2481574, 1748787
 560, 1198692, 2728948, 1798846
 560, 1539471, 2617132, 1592655
 560, 1692116, 2677214, 1658155
 560, 1700098, 2656787, 1660810
 560, 1700272, 2656881, 1663755
 560, 1700202, 2656848, 1664558
 560, 1700148, 2656914, 1664978
 560, 1700032, 2656716, 1665191
 560, 1699914, 2656710, 1665385
 560, 1699906, 2656741, 1665576
 580, 699769, 1576383, 861066
 580, 698656, 1577579, 860430
 580, 705944, 1574708, 861250
 580, 702542, 1576312, 861008
 580, 702670, 1576241, 860357
 580, 1101794, 1574309, 848237
 580, 864006, 1602380, 854215
 580, 3001301, 1513119, 853323
 580, 1263194, 1544536, 852668
 580, 831901, 1558451, 861556
 600, 1940990, 1539908, 844668
 600, 765448, 1618508, 869296
 600, 766452, 1619029, 869693
 600, 767806, 1618875, 869824
 600, 768091, 1618860, 869874
 600, 768336, 1618610, 869915
 600, 768562, 1618669, 869884
 600, 768668, 1618686, 869945
 600, 768859, 1618505, 869944
 600, 768886, 1618500, 869905
 620, 766674, 1564605, 882528
 620, 766110, 1566060, 881501
 620, 766293, 1567506, 881554
 620, -8197387, 1568068, 880740
 620, 746420, 1566118, 880966
 620, 745442, 1568484, 880715
 620, 745231, 1566950, 881226
 620, 743982, 1566772, 881533
 620, 743585, 1566914, 881651
 620, 726808, 1577401, 876622
 640, 1333070, 2355965, 1559304
 640, 1332896, 2355520, 1559504
 640, 1334034, 2355381, 1559943
 640, 1334133, 2355191, 1560232
 640, 1339994, 2356019, 1561498
 640, 1341407, 2355993, 1561891
 640, 1344210, 2355737, 1562058
 640, 1344514, 2355433, 1562146
 640, 1347583, 2359295, 1564671
 640, 1344588, 2355133, 1562399
 0, 1467666, 2274116, 1757908
 0, 1467182, 2273852, 1757495
 0, 1466748, 2273752, 1757461
 0, 1466455, 2273549, 1757214
 0, 1466177, 2273421, 1757191
 0, 1466079, 2273309, 1757079
 0, 1465854, 2273279, 1756885
 0, 1465742, 2273282, 1756884
 0, 1465504, 2273090, 1756790
 0, 1465275, 2273092, 1756762
 20, 1468381, 2395469, 1767522
 20, 1468276, 2394864, 1767456
 20, 1468185, 2394530, 1767316
 20, 1468056, 2394112, 1767278
 20, 1467985, 2393806, 1767235
 20, 1467930, 2393693, 1767097
 20, 1467916, 2393684, 1767102
 20, 1467689, 2393369, 1766991
 20, 1467706, 2393256, 1766976
 20, 1467663, 2393064, 1766951
 40, 1499019, 2384954, 1767579
 40, 1499452, 2384873, 1767482
 40, 1499666, 2384696, 1767437
 40, 1500019, 2384701, 1767447
 40, 1500282, 2384566, 1767451
 40, 1500379, 2384476, 1767388
 40, 1500584, 2384479, 1767339
 40, 1500605, 2384421, 1767315
 40, 1500798, 2384357, 1767327
 40, 1501020, 2384219, 1767286
 60, 1533071, 2380334, 1912079
 60, 1532854, 2380423, 1910303
 60, 1532599, 2380454, 1909490
 60, 1532288, 2380364, 1908816
 60, 1532160, 2380262, 1908427
 60, 1531881, 2380285, 1907968
 60, 1531809, 2380301, 1907772
 60, 1531576, 2380086, 1907501
 60, 1531431, 2380188, 1907350
 60, 1531277, 2380149, 1907229
 80, 1533448, 2420560, 1865873
 80, 1533446, 2420510, 1865793
 80, 1533388, 2420374, 1865874
 80, 1533279, 2420257, 1865772
 80, 1533152, 2420237, 1865798
 80, 1533061, 2420163, 1865809
 80, 1532951, 2420090, 1865805
 80, 1533002, 2420057, 1865720
 80, 1532809, 2420083, 1865745
 80, 1532791, 2419882, 1865750
 100, 1544285, 2403480, 1816072
 100, 1544247, 2403401, 1816195
 100, 1544179, 2403464, 1816203
 100, 1544149, 2403464, 1816159
 100, 1544099, 2403397, 1816160
 100, 1544040, 2403351, 1816109
 100, 1544038, 2403279, 1816215
 100, 1544007, 2403260, 1816183
 100, 1543902, 2403232, 1816082
 100, 1543935, 2403232, 1816136
 120, 1535481, 2441384, 1834864
 120, 1535449, 2441392, 1834870
 120, 1535525, 2441292, 1834873
 120, 1535467, 2441141, 1834797
 120, 1535483, 2441216, 1834779
 120, 1535267, 2441052, 1834816
 120, 1535378, 2441014, 1834842
 120, 1535368, 2440939, 1834825
 120, 1535256, 2440923, 1834835
 120, 1535297, 2440771, 1834809
 140, 1534613, 2436780, 1874273
 140, 1534611, 2436720, 1874174
 140, 1534660, 2436741, 1874182
 140, 1534583, 2436600, 1874174
 140, 1534530, 2436637, 1874218
 140, 1534501, 2436548, 1874184
 140, 1534478, 2436551, 1874214
 140, 1534405, 2436579, 1874139
 140, 1534372, 2436513, 1874173
 140, 1534363, 2436498, 1874121
 160, 1537767, 2427767, 1846348
 160, 1537720, 2427690, 1846267
 160, 1537663, 2427683, 1846341
 160, 1537792, 2427730, 1846212
 160, 1537754, 2427571, 1846143
 160, 1537733, 2427504, 1846280
 160, 1537748, 2427440, 1846211
 160, 1537718, 2427430, 1846165
 160, 1537739, 2427358, 1846245
 160, 1537725, 2427355, 1846274
 180, 903740, 1701361, 802002
 180, 1438479, 2382514, 1409616
 180, 799838, 1738918, 992890
 180, 800203, 1738728, 993108
 180, 800286, 1738067, 993171
 180, 800355, 1737942, 993140
 180, 800575, 1736396, 993127
 180, 800587, 1735596, 993130
 180, 800647, 1735451, 993086
 180, 800587, 1735460, 993069
 200, 774280, 1728828, 992811
 200, 774657, 1728864, 992756
 200, 775262, 1728784, 992735
 200, 775407, 1728821, 992734
 200, 775560, 1728846, 992786
 200, 775660, 1728776, 992721
 200, 775640, 1728718, 992673
 200, 775615, 1728740, 992840
 200, 775608, 1728739, 992703
 200, 775672, 1728779, 992765
 220, 775160, 1728568, 992629
 220, 774972, 1728505, 992563
 220, 774979, 1728626, 992544
 220, 775056, 1728638, 992392
 220, 774929, 1728537, 992498
 220, 774852, 1728539, 992494
 220, 774964, 1728559, 992554
 220, 774966, 1728621, 992506
 220, 774880, 1728622, 992493
 220, 774953, 1728535, 992488
 240, 769465, 1726709, 991391
 240, 768702, 1726576, 991551
 240, 767666, 1726717, 991531
 240, 766721, 1726711, 991571
 240, 766349, 1726707, 991524
 240, 767015, 1726638, 991436
 240, 767070, 1726729, 991486
 240, 766957, 1726754, 991538
 240, 765812, 1726756, 991462
 240, 765771, 1726619, 991477
 260, 777123, 1725484, 990856
 260, 777020, 1725425, 990910
 260, 777082, 1725468, 990908
 260, 776863, 1725515, 990801
 260, 751695, 1725283, 990224
 260, 753191, 1724768, 989392
 260, 753740, 1724815, 989340
 260, 753754, 1724770, 989324
 260, 754499, 1724729, 989445
 260, 754043, 1724764, 989400
 280, 1390701, 2229023, 1646524
 280, 1391204, 2229172, 1647249
 280, 1391802, 2229208, 1647919
 280, 1392286, 2229299, 1648317
 280, 1392618, 2229263, 1648890
 280, 1392884, 2229363, 1649241
 280, 1393286, 2229396, 1649525
 280, 1393618, 2229399, 1649752
 280, 1393911, 2229454, 1650120
 280, 1394040, 2229461, 1650397
 300, 1499384, 2230374, 1654541
 300, 1500367, 2230418, 1654729
 300, 1501215, 2230360, 1654840
 300, 1501847, 2230333, 1654977
 300, 1502557, 2230222, 1655199
 300, 1502873, 2230365, 1655359
 300, 1503268, 2230306, 1655482
 300, 1503541, 2230362, 1655600
 300, 1503898, 2230328, 1655752
 300, 1504243, 2230276, 1655868
 320, 1635352, 2254318, 1683013
 320, 1641956, 2287360, 1682513
 320, 1641513, 2289373, 1682337
 320, 1641110, 2290364, 1682052
 320, 1640984, 2291133, 1681891
 320, 1640698, 2291621, 1681699
 320, 1640518, 2291996, 1681615
 320, 1640363, 2292366, 1681448
 320, 1640109, 2292653, 1681366
 320, 1639904, 2292800, 1681211
 340, 1625432, 2310734, 1710408
 340, 1625474, 2311255, 1710707
 340, 1625319, 2311677, 1710904
 340, 1625251, 2312048, 1711243
 340, 1625206, 2312349, 1711346
 340, 1625163, 2312563, 1711362
 340, 1624998, 2312765, 1711586
 340, 1624955, 2312945, 1711623
 340, 1624870, 2313108, 1711754
 340, 1624905, 2313222, 1711831
 360, 1625723, 2339512, 1712725
 360, 1624928, 2339460, 1724378
 360, 1624295, 2339314, 1731874
 360, 1624305, 2339231, 1732524
 360, 1624303, 2339072, 1732862
 360, 1624195, 2339031, 1732953
 360, 1624176, 2338954, 1732926
 360, 1624061, 2338571, 1732981
 360, 1624147, 2338524, 1733088
 360, 1623963, 2338425, 1733100
 380, 1616661, 2351929, 1737675
 380, 1616617, 2351712, 1737566
 380, 1616544, 2351656, 1737562
 380, 1616471, 2351497, 1737374
 380, 1616472, 2351354, 1737326
 380, 1620867, 2351850, 1730654
 380, 1622986, 2351058, 1727244
 380, 1622950, 2350967, 1727225
 380, 1622878, 2350889, 1727124
 380, 1622841, 2350718, 1727182
